[[{"location":"Y:\\CPSC-464-01.0914\\Group Projects\\Group 4 - VRP with Time Windows\\Dr_Sam_VRPTW_Workspace\\Zeus\\Libraries\\XML File Reader\\poi-ooxml-3.10-FINAL-20140208.jar","type":"JAR","hints":{}},"org.apache.poi:poi-ooxml:3.10.0"],[{"location":"C:\\Users\\mas1029\\Desktop\\This is the Source of Truth as of 11_17_14\\Zeus\\Libraries\\zeuscore.jar","type":"JAR","hints":{}},"ABSENT"],[{"location":"Y:\\CPSC-464-01.0914\\Sensenich Marc A MAS1029\\Dr Sam VRPTW Workspace - Copy\\Zeus\\Libraries\\zeuscore.jar","type":"JAR","hints":{}},"ABSENT"],[{"location":"C:\\Program Files\\Java\\jre7","type":"JRE","hints":{}},"jre:jre:1.7.0"],[{"location":"C:\\Users\\mas1029\\Desktop\\This is the Source of Truth as of 11_17_14 - Copy\\Zeus","type":"PROJECT","hints":{"PROJECT_NAME":"Zeus"}},"ABSENT"],[{"location":"Y:\\CPSC-464-01.0914\\Sensenich Marc A MAS1029\\Dr Sam VRPTW Workspace - Copy\\Zeus","type":"PROJECT","hints":{"PROJECT_NAME":"Zeus"}},"ABSENT"],[{"location":"C:\\Users\\mas1029\\Desktop\\This is the Source of Truth as of 11_17_14\\Zeus","type":"PROJECT","hints":{"PROJECT_NAME":"Zeus"}},"ABSENT"],[{"location":"Y:\\CPSC-464-01.0914\\Group Projects\\Group 4 - VRP with Time Windows\\Dr_Sam_VRPTW_Workspace\\Zeus","type":"PROJECT","hints":{"PROJECT_NAME":"Zeus"}},"ABSENT"]]