<?xml version="1.0" ?>
<!DOCTYPE constraint-set
    PUBLIC "-//Brunch Boy Design//RelativeLayout Constraint Set DTD 1.0//EN"
    "http://dtd.brunchboy.com/RelativeLayout/constraint-set.dtd">

<constraint-set>
        <constrain name="toolbar">
          <top>
            <toAttribute reference="_container" attribute="top" offset="3" />
          </top>
          <left>
            <toAttribute reference="_container" attribute="left" offset="3" />
          </left>
          <right>
            <toAttribute reference="_container" attribute="right" offset="-3" />
          </right>
        </constrain>
        <constrain name="depotScrollPane">
          <top>
            <toAttribute reference="toolbar" attribute="bottom" offset="3" />
          </top>
          <bottom>
            <toAttribute reference="_container" attribute="bottom" offset="-3" />
          </bottom>
          <left>
            <toAttribute reference="_container" attribute="left" offset="3" />
          </left>
          <right>
            <toAttribute reference="_container" attribute="right" offset="-3" />
          </right>
        </constrain>
</constraint-set>

